{"class_map": {"valid": [{"class": "Face", "map@50:95": 0.35286326361959025, "map@50": 0.6752992780969119, "precision": 0.8704387043870438, "recall": 0.63}, {"class": "all", "map@50:95": 0.35286326361959025, "map@50": 0.6752992780969119, "precision": 0.8704387043870438, "recall": 0.63}], "test": [{"class": "Face", "map@50:95": 0.31467468201009224, "map@50": 0.5993352932824687, "precision": 0.8433574419489912, "recall": 0.5700000000000001}, {"class": "all", "map@50:95": 0.31467468201009224, "map@50": 0.5993352932824687, "precision": 0.8433574419489912, "recall": 0.5700000000000001}]}, "map": 0.6752992780969119, "precision": 0.8704387043870438, "recall": 0.63}